Workbook
Name TotalPages: GET.DOCUMENT(50)

Sheet ปร.1
A1: แบบแสดงรายการ ปริมาณงาน และราคา
A2: ค่างานต้นทุน
A3: โครงการงานก่อสร้าง | K3: แบบเลขที่
A4: สถานที่ก่อสร้าง
A5: หน่วยงานเจ้าของโครงการ
A6: ประมาณราคาเมื่อวันที่
O7: หน่วย : บาท
A8: ลำดับที่ | B8: รายการ | H8: จำนวน | I8: หน่วย | J8: ค่าวัสดุ | L8: ค่าแรงงาน | N8: รวมค่าวัสดุและแรงงาน | O8: หมายเหตุ
J9: ราคาต่อหน่วย | K9: จำนวนเงิน | L9: ราคาต่อหน่วย | M9: จำนวนเงิน
I11: รวม
B14: รวมค่าวัสดุและค่าแรงงานเป็นเงินประมาณ
I16: หมายเหตุ : แสดงรายการปริมาณ และราคารวม | K16: บาท ต่อ 1 หน่วย
A25: แบบแสดงรายการ ปริมาณงาน และราคา
A26: ค่างานต้นทุน
O27: หน่วย : บาท
A28: ลำดับที่ | B28: รายการ | H28: จำนวน | I28: หน่วย | J28: ค่าวสัดุ | L28: ค่าแรงงาน | N28: รวมค่าวัสดุและแรงงาน | O28: หมายเหตุ
J29: ราคาต่อหน่วย | K29: จำนวนเงิน | L29: ราคาต่อหน่วย | M29: จำนวนเงิน
B33: -
H50: - | I50: -
B74: รวมค่าวัสดุ และแรงงาน

Sheet ปร.1 (ก)
A1: แบบสรุปประมาณราคาค่าก่อสร้าง
A2: ค่างานต้นทุน
A3: โครงการงานก่อสร้าง | D3: ='ปร.1'!D3 | J3: แบบเลขที่
A4: สถานที่ก่อสร้าง | D4: ='ปร.1'!D4 | J4: ="แบบ ปร.1 ที่แนบ จำนวน "&'ปร.1'!O6 & " หน้า"
A5: หน่วยงานเจ้าของโครงการ | D5: ='ปร.1'!D5
A6: ประมาณราคาเมื่อวันที่ | D6: ='ปร.1'!D6
M7: หน่วย : บาท
A8: ลำดับที่ | B8: รายการ | H8: ค่างานต้นทุน | J8: Factor F | K8: ค่าก่อสร้าง | L8: หมายเหตุ
C12: เงื่อนไขการใช้ตาราง Factor F
J17: รวมค่าก่อสร้าง
G18: หมายเหตุ : แสดงรายการปริมาณ และราคารวม | I18: บาท ต่อ 1 หน่วย
K22: ผู้ประมาณราคา

Sheet ปร.2
A1: แบบแสดงรายการ ปริมาณงาน และราคา
A2: ค่าครุภัณฑ์จัดซื้อ
A3: โครงการงานก่อสร้าง | D3: ='ปร.1'!D3 | K3: แบบเลขที่
A4: สถานที่ก่อสร้าง | D4: ='ปร.1'!D4
A5: หน่วยงานเจ้าของโครงการ | D5: ='ปร.1'!D5
A6: ประมาณราคาเมื่อวันที่ | D6: ='ปร.1'!D6
N7: หน่วย : บาท
A8: ลำดับที่ | B8: รายการ | H8: จำนวน | I8: หน่วย | J8: ค่าครุภัณฑ์ | L8: รวมค่าครุภัณฑ์ | M8: ค่าติดตั้ง | N8: หมายเหตุ
J9: ราคาต่อหน่วย | K9: จำนวนเงิน
B12: รวมค่างานครุภัณฑ์ติดตั้ง
B13: รวมค่าครุภัณฑ์และค่าติดตั้ง

Sheet ปร.2(ก)
A1: แบบสรุปค่าครุภัณฑ์จัดซื้อ
A2: ค่าครุภัณฑ์จัดซื้อ
A3: โครงการงานก่อสร้าง | D3: ='ปร.1'!D3 | H3: แบบเลขที่
A4: สถานที่ก่อสร้าง | D4: ='ปร.1'!D4 | H4: แบบ ปร.2 ที่แนบ
A5: หน่วยงานเจ้าของโครงการ | D5: ='ปร.1'!D5
A6: ประมาณราคาเมื่อวันที่ | D6: ='ปร.1'!D6
K7: หน่วย : บาท
A8: ลำดับที่ | B8: รายการ | F8: ค่าครุภัณฑ์ | G8: ค่าภาษีมูลค่าเพิ่ม | H8: ค่าติดตั้ง | I8: ค่าภาษีมูลค่าเพิ่ม | J8: รวมค่าครุภัณฑ์จัดซื้อ | K8: หมายเหตุ
A10: 1 | B10: งานครุภัณฑ์ติดตั้ง | F10: ='ปร.2'!L13 | G10: =F10*0.07 | H10: ='ปร.2'!M13 | I10: =H10*0.07 | J10: =F10+G10+H10+I10
E11: รวมค่าครุภัณฑ์จัดซื้อ | F11: =F10 | G11: =G10 | H11: =H10 | I11: =I10 | J11: =J10
I16: ผู้ประมาณราคา

Sheet ปร.3
A1: แบบแสดงรายการ ปริมาณงาน และราคา
A2: ค่าใช้จ่ายพิเศษตามข้อกำหนด
A3: โครงการงานก่อสร้าง | D3: ='ปร.1'!D3 | J3: แบบเลขที่
A4: สถานที่ก่อสร้าง | D4: ='ปร.1'!D4
A5: หน่วยงานเจ้าของโครงการ | D5: ='ปร.1'!D5
A6: ประมาณราคาเมื่อวันที่ | D6: ='ปร.1'!D6
K7: หน่วย : บาท
A8: ลำดับที่ | B8: รายการ | H8: จำนวน | I8: หน่วย | J8: ค่าใช้จ่ายรวม | K8: หมายเหตุ
J9: (ค่าก่อสร้าง)
B14: รวมค่าใช้จ่ายพิเศษตามข้อกำหนด ทุกรายการ
B26: 1. เหตุผลและความจำเป็นที่ต้องมีค่าใช้จ่ายพิเศษตามข้อกำหนดฯ รายการนี้
B29: 2. รายละเอียดการคำนวณ
A30: ที่ | B30: รายการค่าใช้จ่าย | H30: จำนวน | J30: หมายเหตุ
G36: รวมค่าใช้จ่าย
G37: ภาษีมูลค่าเพิ่ม
G38: ค่าใช้จ่ายรวมภาษีมูลค่าเพิ่ม
J42: ผู้ประมาณราคา

Sheet ปร.4
A1: แบบสรุปประมาณราคาค่าก่อสร้าง
A2: โครงการงานก่อสร้าง | D2: ='ปร.1'!D3 | H2: แบบเลขที่
A3: สถานที่ก่อสร้าง | D3: ='ปร.1'!D4 | H3: แบบ ปร. 1(ก) ที่แนบ มีจำนวน 1 ชุด
A4: หน่วยงานเจ้าของโครงการ | D4: ='ปร.1'!D5
A5: ประมาณราคาเมื่อวันที่ | D5: ='ปร.1'!D6
I6: หน่วย : บาท
A7: ลำดับที่ | B7: รายการ | H7: ค่าก่อสร้าง | I7: หมายเหตุ
A11: สรุป
E12: คิดเพียง
H18: ผู้ประมาณราคา

Sheet Factor F
K1: ="โครงการ : "&'ปร.1'!D3
F4: Factor F อาคาร
C6: เงินล่วงหน้าจ่าย | E6: 0 | G6: ดอกเบี้ยเงินกู้ | I6: 0.06 | J6: ต่อปี
C7: เงินประกันหักผลงาน | E7: 0 | G7: ค่าภาษีมูลค่าเพิ่ม (VAT) | I7: 0.07
E9: ค่างาน (ทุน) | F9: รวมในรูป | G9: Factor F
E10: ล้านบาท | F10: Factor F
D12: ≤ | E12: 0.5 | F12: 1.2218 | G12: 1.3073
E13: 1 | F13: 1.2196 | G13: 1.3049
E14: 2 | F14: 1.2182 | G14: 1.3034
E15: 5 | F15: 1.2152 | G15: 1.3002
E16: 10 | F16: 1.2096 | G16: 1.2942
E17: 15 | F17: 1.17 | G17: 1.2519
E18: 20 | F18: 1.1698 | G18: 1.2516
E19: 25 | F19: 1.1446 | G19: 1.2247
E20: 30 | F20: 1.1368 | G20: 1.2163
E21: 40 | F21: 1.1364 | G21: 1.2159
E22: 50 | F22: 1.1363 | G22: 1.2158
E23: 60 | F23: 1.1262 | G23: 1.205
E24: 70 | F24: 1.1261 | G24: 1.2049
... E34: 500 | F34: 1.106 | G34: 1.1834
D35: > | E35: 500 | F35: 1.1016 | G35: 1.1787
D37: ค่างานต้นทุนรวมทั้งโครงการ | G37: ='ปร.1'!N14 | I37: บาท
D39: แหล่งของเงินงบประมาณ | I39: บาท
D40: แหล่งของเงินนอกงบประมาณ | I40: บาท
C42: เงินล่วงหน้าจ่าย | E42: 0 | G42: ดอกเบี้ยเงินกู้ | I42: 0.06 | J42: ต่อปี
C43: เงินประกันหักผลงาน | E43: 0 | G43: ค่าภาษีมูลค่าเพิ่ม (VAT) | I43: 0.07
C45: Factor F อาคาร
C47: ค่างานต้นทุน | G47: Factor F
D48: =IF(G37<500000, 0.5, IF(G37>500000000, 500, INDEX(E12:E35, MATCH(G37/1000000, E12:E35, 1))))*1000000 | H48: =VLOOKUP(D48/1000000,E12:G35,3,TRUE)
D49: =G37
